"","nGene","nUMI","orig.ident"
"AAACGGGAGATGCGAC",1311,3811,"SeuratProject"
"AAACGGGGTTCCACGG",2152,8586,"SeuratProject"
"AAAGATGCAGTATGCT",2750,9434,"SeuratProject"
"AAAGATGCATCCTTGC",1793,7161,"SeuratProject"
"AAAGCAACAAGGCTCC",4324,27704,"SeuratProject"
"AAAGCAACAGCCTTTC",2099,6080,"SeuratProject"
"AAAGCAACAGCTTAAC",1259,3437,"SeuratProject"
"AAAGCAACATTGGGCC",2665,8051,"SeuratProject"
"AAAGCAAGTCGTGGCT",1757,4889,"SeuratProject"
"AAAGCAAGTTCAGGCC",1261,3095,"SeuratProject"
"AAATGCCCATGGGACA",1493,3727,"SeuratProject"
"AAATGCCGTACCGCTG",3064,12475,"SeuratProject"
"AAATGCCGTCAATACC",1191,2107,"SeuratProject"
"AACACGTCACTAAGTC",967,2462,"SeuratProject"
"AACACGTTCAACCAAC",1371,4431,"SeuratProject"
"AACCATGAGAGATGAG",1263,4038,"SeuratProject"
"AACCATGGTGAACCTT",3962,18536,"SeuratProject"
"AACCATGGTGTTTGGT",1341,4420,"SeuratProject"
"AACCGCGAGCTAGTCT",1668,6173,"SeuratProject"
"AACCGCGCAGCCTGTG",1606,5287,"SeuratProject"
"AACCGCGGTGATGCCC",2959,13029,"SeuratProject"
"AACCGCGTCACAACGT",895,2201,"SeuratProject"
"AACGTTGAGAAGGTTT",1520,5465,"SeuratProject"
"AACGTTGAGCTAGTTC",2395,7148,"SeuratProject"
"AACTCAGGTAGTGAAT",3977,21119,"SeuratProject"
"AACTCAGGTCGCGGTT",1703,5251,"SeuratProject"
"AACTCAGGTGACTCAT",1754,6031,"SeuratProject"
"AACTCCCAGTACGTAA",1273,3900,"SeuratProject"
"AACTCCCCACGTAAGG",2970,14590,"SeuratProject"
"AACTCCCCATCGGTTA",2909,10339,"SeuratProject"
"AACTCTTAGGGATGGG",1307,4674,"SeuratProject"
"AACTCTTGTCTTCGTC",2037,4754,"SeuratProject"
"AACTCTTGTTGTCTTT",2327,6650,"SeuratProject"
"AACTGGTAGCCGATTT",1293,3444,"SeuratProject"
"AACTTTCGTGTCCTCT",2356,7922,"SeuratProject"
"AAGACCTGTGCATCTA",2345,6908,"SeuratProject"
"AAGACCTTCTTTACGT",2369,6203,"SeuratProject"
"AAGCCGCAGCTGAAAT",1751,6372,"SeuratProject"
"AAGCCGCCAGAGTGTG",830,2296,"SeuratProject"
"AAGCCGCCAGTAGAGC",2254,10220,"SeuratProject"
"AAGCCGCTCACGATGT",1218,3292,"SeuratProject"
"AAGGAGCAGCTGAACG",2732,10475,"SeuratProject"
"AAGGAGCCAATGTAAG",1165,2681,"SeuratProject"
"AAGGCAGTCTCTGTCG",1371,4498,"SeuratProject"
"AAGGTTCAGAGGTACC",3916,15626,"SeuratProject"
"AAGGTTCCAAAGCAAT",3708,17500,"SeuratProject"
"AAGGTTCCACTATCTT",3601,17557,"SeuratProject"
"AAGGTTCGTCTTCGTC",4028,21457,"SeuratProject"
"AAGGTTCGTCTTGATG",1647,4525,"SeuratProject"
"AAGGTTCTCAATCTCT",1645,5318,"SeuratProject"
"AAGTCTGCACAACGCC",2386,6965,"SeuratProject"
"AAGTCTGCAGTCGTGC",1560,5234,"SeuratProject"
"AAGTCTGTCTACGAGT",4062,20141,"SeuratProject"
"AATCCAGAGAAACGCC",2326,7573,"SeuratProject"
"AATCCAGGTTACTGAC",1236,3794,"SeuratProject"
"AATCCAGTCTTGGGTA",1390,3740,"SeuratProject"
"AATCGGTAGCAGCCTC",1402,3069,"SeuratProject"
"AATCGGTAGTTCGCAT",1786,7508,"SeuratProject"
"ACACCAACAATCTGCA",3394,15668,"SeuratProject"
"ACACCAACATAACCTG",1629,6151,"SeuratProject"
"ACACCAAGTTCTCATT",1445,3714,"SeuratProject"
"ACACCAATCACGATGT",1501,4862,"SeuratProject"
"ACACCAATCGGCGCTA",1881,5545,"SeuratProject"
"ACACCCTAGCAATCTC",1509,4116,"SeuratProject"
"ACACCCTTCCGCGTTT",1255,3609,"SeuratProject"
"ACACCGGAGACCTAGG",2410,8236,"SeuratProject"
"ACACCGGAGGCAGGTT",1586,4221,"SeuratProject"
"ACACCGGCAGCCTTGG",2066,6815,"SeuratProject"
"ACACCGGGTAAGTTCC",1257,4008,"SeuratProject"
"ACACCGGTCATCGATG",2013,6249,"SeuratProject"
"ACACTGAAGCACGCCT",4194,17543,"SeuratProject"
"ACACTGAAGCCACCTG",1049,2336,"SeuratProject"
"ACACTGAAGGGCATGT",1470,3779,"SeuratProject"
"ACACTGAAGTGGAGTC",3641,16348,"SeuratProject"
"ACACTGACACAGACTT",1554,4821,"SeuratProject"
"ACACTGAGTAACGTTC",2519,8457,"SeuratProject"
"ACACTGATCTGCCCTA",1905,5433,"SeuratProject"
"ACAGCCGCAGCTGCTG",2228,7430,"SeuratProject"
"ACAGCTATCATAACCG",2193,9062,"SeuratProject"
"ACAGCTATCCAGTAGT",1946,7537,"SeuratProject"
"ACAGCTATCGACCAGC",2322,9234,"SeuratProject"
"ACATACGAGGGTGTTG",1906,5248,"SeuratProject"
"ACATACGCAGTTAACC",1670,5670,"SeuratProject"
"ACATACGGTAGCCTCG",1300,3735,"SeuratProject"
"ACATACGGTCAACATC",1527,4959,"SeuratProject"
"ACATACGTCTCGCATC",2647,8927,"SeuratProject"
"ACATCAGAGGTTACCT",1629,5087,"SeuratProject"
"ACATCAGCATATACCG",1496,5134,"SeuratProject"
"ACATCAGCATGGTCTA",1328,3606,"SeuratProject"
"ACATCAGCATTACCTT",1641,4767,"SeuratProject"
"ACATGGTAGAGTGAGA",2497,7683,"SeuratProject"
"ACATGGTGTGGTAACG",1404,3927,"SeuratProject"
"ACATGGTTCAGCAACT",4032,20429,"SeuratProject"
"ACATGGTTCAGGATCT",1492,3885,"SeuratProject"
"ACCAGTAAGTACGACG",1381,3900,"SeuratProject"
"ACCAGTACACGGTTTA",1531,3796,"SeuratProject"
"ACCAGTATCAACCATG",1499,4345,"SeuratProject"
"ACCAGTATCTGATACG",1791,6886,"SeuratProject"
"ACCCACTCACCAGCAC",2889,11861,"SeuratProject"
"ACCCACTCATCGGGTC",2214,6816,"SeuratProject"
"ACCCACTGTATGCTTG",1544,4097,"SeuratProject"
"ACCCACTTCACATAGC",1461,4198,"SeuratProject"
"ACCGTAATCTTGACGA",1509,3849,"SeuratProject"
"ACCTTTAAGCTAACAA",1606,5144,"SeuratProject"
"ACGAGCCAGCTGCCCA",1601,5677,"SeuratProject"
"ACGAGCCTCTAGAGTC",3467,19782,"SeuratProject"
"ACGAGGAAGCACACAG",1556,3880,"SeuratProject"
"ACGAGGACATGTTGAC",4456,24973,"SeuratProject"
"ACGATACAGGTACTCT",2090,5646,"SeuratProject"
"ACGATACAGTCGCCGT",1160,2722,"SeuratProject"
"ACGATGTAGACGACGT",1873,5501,"SeuratProject"
"ACGATGTAGCGATGAC",1667,5568,"SeuratProject"
"ACGATGTTCGGATGGA",3216,12699,"SeuratProject"
"ACGCAGCAGAATGTTG",1747,6218,"SeuratProject"
"ACGCAGCAGTGAAGAG",3075,10985,"SeuratProject"
"ACGCAGCCATGGTTGT",1392,4472,"SeuratProject"
"ACGCCAGAGCGGCTTC",1448,3173,"SeuratProject"
"ACGCCAGAGGATGCGT",1506,4029,"SeuratProject"
"ACGCCGAAGCTGATAA",1803,7183,"SeuratProject"
"ACGGAGAAGGTCGGAT",1973,7969,"SeuratProject"
"ACGGAGAGTACCAGTT",1067,2914,"SeuratProject"
"ACGGCCACAGTTCCCT",2248,9004,"SeuratProject"
"ACGGGCTAGTCGTTTG",1850,8278,"SeuratProject"
"ACGGGCTTCGTGGACC",1569,5332,"SeuratProject"
"ACGGGCTTCTTAACCT",2420,8969,"SeuratProject"
"ACGGGTCTCTCGCTTG",3342,16537,"SeuratProject"
"ACGTCAAAGCGAAGGG",1349,4484,"SeuratProject"
"ACTATCTAGGAATGGA",2175,7775,"SeuratProject"
"ACTATCTAGGTCGGAT",1611,5051,"SeuratProject"
"ACTATCTCACCACGTG",808,2327,"SeuratProject"
"ACTATCTTCGTTTAGG",1287,3828,"SeuratProject"
"ACTATCTTCTTACCTA",2181,8319,"SeuratProject"
"ACTGAACCACTAAGTC",1364,4349,"SeuratProject"
"ACTGAACTCATGTAGC",1451,4003,"SeuratProject"
"ACTGAGTAGGCTAGCA",3910,22430,"SeuratProject"
"ACTGAGTGTTATTCTC",1667,4462,"SeuratProject"
"ACTGAGTTCACCTCGT",971,1998,"SeuratProject"
"ACTGAGTTCTGAGGGA",1448,4561,"SeuratProject"
"ACTGATGAGATATGGT",2593,8626,"SeuratProject"
"ACTGATGCACAAGACG",1192,3776,"SeuratProject"
"ACTGATGCATGGGACA",2816,11918,"SeuratProject"
"ACTGATGTCGTGGGAA",2199,7502,"SeuratProject"
"ACTGCTCCAAGTCATC",1327,2886,"SeuratProject"
"ACTGTCCAGAGCCCAA",3115,11495,"SeuratProject"
"ACTGTCCAGCTAGTTC",1408,4818,"SeuratProject"
"ACTGTCCCAAACAACA",2229,6235,"SeuratProject"
"ACTGTCCTCAGTCCCT",1677,5258,"SeuratProject"
"ACTTACTGTAGTAGTA",3179,12191,"SeuratProject"
"ACTTGTTCACATCCGG",1362,4135,"SeuratProject"
"ACTTTCAGTATAATGG",2966,9954,"SeuratProject"
"ACTTTCAGTCTCCATC",2446,10408,"SeuratProject"
"ACTTTCAGTGAACCTT",2798,13062,"SeuratProject"
"ACTTTCAGTGGTACAG",1432,4557,"SeuratProject"
"ACTTTCATCTGCGACG",1776,5189,"SeuratProject"
"ACTTTCATCTTGTATC",889,2278,"SeuratProject"
"AGAATAGTCTTCGAGA",3829,18550,"SeuratProject"
"AGACGTTGTCTCTCTG",1550,5237,"SeuratProject"
"AGAGCTTAGCCTCGTG",3883,17428,"SeuratProject"
"AGAGCTTCAGCCTTTC",1160,3460,"SeuratProject"
"AGAGTGGGTATGCTTG",2662,9209,"SeuratProject"
"AGATCTGCATGGTCTA",923,2399,"SeuratProject"
"AGCAGCCCATCCGTGG",1354,3770,"SeuratProject"
"AGCAGCCGTCCTCCAT",1260,3189,"SeuratProject"
"AGCATACAGGTGCAAC",2756,10353,"SeuratProject"
"AGCATACTCTCTGCTG",2448,9083,"SeuratProject"
"AGCCTAAAGTATTGGA",1108,3124,"SeuratProject"
"AGCCTAACAATCCGAT",2009,6376,"SeuratProject"
"AGCCTAACAGTCTTCC",1151,3521,"SeuratProject"
"AGCCTAAGTACTTCTT",1394,4293,"SeuratProject"
"AGCCTAATCGCGCCAA",2366,7721,"SeuratProject"
"AGCGGTCAGAAACCAT",1303,3183,"SeuratProject"
"AGCGGTCCACGACTCG",1343,3943,"SeuratProject"
"AGCGTATAGGAGTACC",2268,6778,"SeuratProject"
"AGCGTATGTCGCATAT",897,2042,"SeuratProject"
"AGCGTATGTCTGCCAG",2032,7367,"SeuratProject"
"AGCGTCGAGAGACTAT",1534,5971,"SeuratProject"
"AGCGTCGAGTGTCCCG",1406,4910,"SeuratProject"
"AGCTCCTAGCGTAATA",1157,3172,"SeuratProject"
"AGCTCCTCATGTCGAT",1724,6134,"SeuratProject"
"AGCTCCTGTTCACGGC",1310,3456,"SeuratProject"
"AGCTCCTTCGTGGGAA",1257,2658,"SeuratProject"
"AGCTCCTTCTGATTCT",1563,3290,"SeuratProject"
"AGCTCTCAGAGCTATA",1463,4205,"SeuratProject"
"AGCTCTCCACCGAATT",1469,4555,"SeuratProject"
"AGCTCTCGTACATCCA",3522,13850,"SeuratProject"
"AGCTCTCGTCCGAATT",1557,4273,"SeuratProject"
"AGCTTGAAGACTGGGT",1756,6367,"SeuratProject"
"AGCTTGATCAGTACGT",2524,8428,"SeuratProject"
"AGGCCACCAACAACCT",4296,21323,"SeuratProject"
"AGGCCACCAATCCAAC",1411,3860,"SeuratProject"
"AGGCCACTCACATGCA",1570,5444,"SeuratProject"
"AGGGAGTAGTACACCT",1273,3636,"SeuratProject"
"AGGGAGTTCAGGCGAA",2718,9441,"SeuratProject"
"AGGGTGACATTTCACT",1364,3239,"SeuratProject"
"AGGGTGAGTCGACTAT",1553,4471,"SeuratProject"
"AGGGTGATCAGGTAAA",1394,3845,"SeuratProject"
"AGGGTGATCCAAACAC",2447,7132,"SeuratProject"
"AGGTCATAGCTCCTTC",1614,5371,"SeuratProject"
"AGGTCATTCGTATCAG",1570,4523,"SeuratProject"
"AGGTCATTCGTCCAGG",3393,13940,"SeuratProject"
"AGGTCCGCACGGTTTA",3298,12838,"SeuratProject"
"AGGTCCGGTTTGTTTC",2548,8095,"SeuratProject"
"AGGTCCGTCTGGGCCA",1846,5924,"SeuratProject"
"AGTAGTCAGTGACATA",3101,12276,"SeuratProject"
"AGTAGTCCACTCTGTC",796,2104,"SeuratProject"
"AGTAGTCGTAAGGGCT",2150,8197,"SeuratProject"
"AGTAGTCGTCGACTAT",1657,5212,"SeuratProject"
"AGTAGTCTCCTTTCTC",2334,8256,"SeuratProject"
"AGTAGTCTCGGTGTTA",1780,5683,"SeuratProject"
"AGTCTTTAGACTCGGA",1700,4455,"SeuratProject"
"AGTCTTTGTACTCAAC",1663,4046,"SeuratProject"
"AGTCTTTTCAGAGACG",1696,5679,"SeuratProject"
"AGTGAGGAGGCTAGGT",1524,5294,"SeuratProject"
"AGTGAGGAGTCGTACT",1437,5308,"SeuratProject"
"AGTGAGGCATGGTCAT",1693,5019,"SeuratProject"
"AGTGGGAAGCCGTCGT",1677,6054,"SeuratProject"
"AGTGTCAAGTCATGCT",4614,24690,"SeuratProject"
"AGTGTCATCCCAACGG",981,2480,"SeuratProject"
"AGTTGGTCACATTAGC",2018,7057,"SeuratProject"
"AGTTGGTTCAACGCTA",1321,3902,"SeuratProject"
"ATAACGCCACCAGCAC",1590,5243,"SeuratProject"
"ATAACGCTCACATAGC",1521,4083,"SeuratProject"
"ATAGACCAGCATCATC",1391,4075,"SeuratProject"
"ATAGACCGTAAGGATT",1468,5139,"SeuratProject"
"ATAGACCGTCCTAGCG",2507,11695,"SeuratProject"
"ATAGACCTCTGAGTGT",1802,5427,"SeuratProject"
"ATCACGAAGCAATATG",1807,4968,"SeuratProject"
"ATCACGAGTAAATGAC",2678,9803,"SeuratProject"
"ATCACGATCCAGGGCT",1535,4850,"SeuratProject"
"ATCATCTGTGAAATCA",1754,4898,"SeuratProject"
"ATCATCTTCCATGAGT",2328,6891,"SeuratProject"
"ATCATGGAGAACTGTA",2234,7122,"SeuratProject"
"ATCATGGTCCCAGGTG",3028,11397,"SeuratProject"
"ATCATGGTCTGCTTGC",1608,3396,"SeuratProject"
"ATCCACCAGGACATTA",1565,4777,"SeuratProject"
"ATCCACCCACATGGGA",2292,7394,"SeuratProject"
"ATCCACCGTCGTCTTC",1211,2933,"SeuratProject"
"ATCCACCTCTCGCATC",1135,3334,"SeuratProject"
"ATCCGAACAATAGAGT",1626,5460,"SeuratProject"
"ATCCGAATCCAGATCA",1373,3423,"SeuratProject"
"ATCGAGTGTGTTTGGT",4221,21977,"SeuratProject"
"ATCTACTTCGCAGGCT",2317,7512,"SeuratProject"
"ATCTGCCAGTTTAGGA",1906,7177,"SeuratProject"
"ATCTGCCCACAGAGGT",1371,3124,"SeuratProject"
"ATCTGCCGTGTCGCTG",2708,11573,"SeuratProject"
"ATCTGCCTCAGATAAG",2979,12541,"SeuratProject"
"ATCTGCCTCGCCTGTT",3289,12193,"SeuratProject"
"ATGAGGGCAAGCTGGA",2735,10049,"SeuratProject"
"ATGAGGGTCAAACGGG",1554,5703,"SeuratProject"
"ATGCGATCAGACTCGC",1150,3197,"SeuratProject"
"ATGCGATGTTGTTTGG",3324,17402,"SeuratProject"
"ATGCGATTCGTGGACC",3551,16799,"SeuratProject"
"ATGGGAGAGGCGATAC",2624,11526,"SeuratProject"
"ATGGGAGCACACCGCA",1286,3033,"SeuratProject"
"ATGGGAGTCAAGGTAA",2093,6158,"SeuratProject"
"ATTATCCAGAGCTATA",1783,6783,"SeuratProject"
"ATTATCCGTACGACCC",1952,6973,"SeuratProject"
"ATTCTACAGACGCAAC",4272,22838,"SeuratProject"
"ATTCTACGTCCAGTAT",2801,9708,"SeuratProject"
"ATTCTACTCTATGTGG",2176,6093,"SeuratProject"
"ATTGGACAGCTGCGAA",2007,7472,"SeuratProject"
"ATTGGACCAATCCAAC",1431,4240,"SeuratProject"
"ATTGGACCACCCTATC",4349,24346,"SeuratProject"
"ATTGGACCAGGGTTAG",1483,4513,"SeuratProject"
"ATTGGACTCACCGTAA",2199,7141,"SeuratProject"
"ATTGGACTCATGCTCC",1387,3484,"SeuratProject"
"ATTTCTGAGATAGGAG",3570,16945,"SeuratProject"
"ATTTCTGCACTCTGTC",1466,3382,"SeuratProject"
"ATTTCTGCAGCTGGCT",1565,3907,"SeuratProject"
"ATTTCTGTCGTGGTCG",860,2112,"SeuratProject"
"CAACCAAAGTGACTCT",1439,3786,"SeuratProject"
"CAACCAACAATAGCAA",1034,2316,"SeuratProject"
"CAACCTCAGCCACGTC",1929,6933,"SeuratProject"
"CAACCTCGTTGGGACA",1531,4744,"SeuratProject"
"CAACCTCTCGTTACAG",1343,5167,"SeuratProject"
"CAACTAGAGCCTTGAT",1485,3830,"SeuratProject"
"CAACTAGAGGCGATAC",1889,5012,"SeuratProject"
"CAAGAAAAGGAGCGTT",1365,3289,"SeuratProject"
"CAAGAAAGTTGTGGAG",2980,10993,"SeuratProject"
"CAAGATCAGTACGTAA",1363,3945,"SeuratProject"
"CAAGATCTCAGGTAAA",1471,4287,"SeuratProject"
"CAAGGCCAGGACAGAA",1840,4630,"SeuratProject"
"CAAGGCCAGTCATCCA",786,2016,"SeuratProject"
"CAAGTTGCAGACAAAT",1044,3376,"SeuratProject"
"CACAAACAGGTGCAAC",1834,6459,"SeuratProject"
"CACACAAAGGGCTCTC",1692,4593,"SeuratProject"
"CACACAACACTGTGTA",3418,14753,"SeuratProject"
"CACACAACAGTCTTCC",1616,5246,"SeuratProject"
"CACACAACATATACCG",1823,7697,"SeuratProject"
"CACACAACATCAGTCA",1727,5438,"SeuratProject"
"CACACAACATCTCGCT",2326,6668,"SeuratProject"
"CACACAAGTTCCCGAG",1459,4287,"SeuratProject"
"CACACCTTCCTTGCCA",1506,4811,"SeuratProject"
"CACACTCAGCATGGCA",2596,10090,"SeuratProject"
"CACACTCAGGTGCACA",2190,6215,"SeuratProject"
"CACACTCAGTTTGCGT",1565,5359,"SeuratProject"
"CACACTCTCGAGAACG",3429,15038,"SeuratProject"
"CACAGGCAGCTCCTCT",1147,2396,"SeuratProject"
"CACAGGCTCATACGGT",2087,5511,"SeuratProject"
"CACAGTAAGTCTTGCA",1137,3612,"SeuratProject"
"CACAGTAAGTGCCAGA",1608,5387,"SeuratProject"
"CACAGTACAGATCGGA",2089,8084,"SeuratProject"
"CACATAGAGCCAGAAC",2307,6506,"SeuratProject"
"CACATAGAGTGGTAGC",1406,3812,"SeuratProject"
"CACATAGGTGATGTCT",2392,8479,"SeuratProject"
"CACATAGTCAAAGACA",4181,19015,"SeuratProject"
"CACATAGTCCAAGCCG",1647,6788,"SeuratProject"
"CACATTTCAGCCTATA",2008,5882,"SeuratProject"
"CACCAGGCAAGCCTAT",3248,11214,"SeuratProject"
"CACCAGGCATGCCTAA",1491,4871,"SeuratProject"
"CACCAGGGTCTAGCGC",1503,5696,"SeuratProject"
"CACCAGGGTTAAGATG",1536,4680,"SeuratProject"
"CACCAGGTCGAATGCT",1188,3494,"SeuratProject"
"CACCTTGGTAAATGTG",848,2319,"SeuratProject"
"CACCTTGGTCTCTCTG",1143,2317,"SeuratProject"
"CACCTTGGTCTGATTG",2061,6001,"SeuratProject"
"CACCTTGTCCCTCTTT",1275,3353,"SeuratProject"
"CACCTTGTCTTGCAAG",1354,3535,"SeuratProject"
"CACTCCATCGCTTGTC",1503,4519,"SeuratProject"
"CAGAATCCACCAGGCT",2360,7383,"SeuratProject"
"CAGAATCTCCAGTAGT",1560,4942,"SeuratProject"
"CAGAATCTCTCGGACG",3097,12716,"SeuratProject"
"CAGAGAGCACCGAAAG",1499,3134,"SeuratProject"
"CAGAGAGCAGACAGGT",1655,4102,"SeuratProject"
"CAGAGAGGTACCCAAT",2854,10584,"SeuratProject"
"CAGAGAGGTTGTCGCG",1380,3177,"SeuratProject"
"CAGATCAAGCCCGAAA",3362,17790,"SeuratProject"
"CAGATCAAGCTGCAAG",2350,8214,"SeuratProject"
"CAGATCAGTGATGTGG",1419,4000,"SeuratProject"
"CAGATCAGTTGCTCCT",2520,7424,"SeuratProject"
"CAGATCATCTCGGACG",2436,8312,"SeuratProject"
"CAGCAGCAGCCAACAG",2620,9964,"SeuratProject"
"CAGCAGCCACGAGAGT",3484,13807,"SeuratProject"
"CAGCAGCCAGATTGCT",1585,5385,"SeuratProject"
"CAGCAGCGTCGAACAG",1534,5971,"SeuratProject"
"CAGCCGAAGTTGTCGT",1488,5829,"SeuratProject"
"CAGCCGACAAGTTCTG",4030,19826,"SeuratProject"
"CAGCCGATCCCTTGTG",1836,5210,"SeuratProject"
"CAGCGACAGGCTAGGT",2016,7162,"SeuratProject"
"CAGCGACCAATACGCT",1476,4015,"SeuratProject"
"CAGCGACGTAAAGGAG",1289,3596,"SeuratProject"
"CAGCGACTCCATGCTC",2654,9812,"SeuratProject"
"CAGCTAAGTACAGACG",1527,4932,"SeuratProject"
"CAGCTAATCCTGTACC",1806,4714,"SeuratProject"
"CAGCTGGGTTCAGCGC",1175,2928,"SeuratProject"
"CAGCTGGGTTCGCGAC",2632,9388,"SeuratProject"
"CAGGTGCAGAAGATTC",1012,2269,"SeuratProject"
"CAGGTGCAGGTGCTAG",1115,2083,"SeuratProject"
"CAGTAACAGCCAACAG",1867,6630,"SeuratProject"
"CAGTAACAGGGATGGG",1554,3584,"SeuratProject"
"CAGTAACCACGCGAAA",3088,13078,"SeuratProject"
"CAGTAACCATATACGC",4457,23210,"SeuratProject"
"CAGTCCTCAGCTGCTG",2219,6919,"SeuratProject"
"CAGTCCTGTCGCATAT",1767,5336,"SeuratProject"
"CATATGGCAGGATTGG",1666,4454,"SeuratProject"
"CATATGGGTAAGTGTA",1873,4930,"SeuratProject"
"CATATGGGTGCAACGA",1505,4520,"SeuratProject"
"CATATTCAGACTCGGA",1492,4397,"SeuratProject"
"CATATTCCACAGCCCA",4338,23146,"SeuratProject"
"CATATTCCAGCTGTAT",1083,2346,"SeuratProject"
"CATATTCTCGTTGCCT",1441,4433,"SeuratProject"
"CATCAAGCATCGGTTA",1563,4731,"SeuratProject"
"CATCAGACAGGTCGTC",1973,8316,"SeuratProject"
"CATCAGAGTTCAACCA",2851,9068,"SeuratProject"
"CATCAGATCAGCATGT",1186,3376,"SeuratProject"
"CATCCACCAAACTGCT",1369,3396,"SeuratProject"
"CATCCACCATCAGTCA",1956,6387,"SeuratProject"
"CATCGAACACTCTGTC",1800,5534,"SeuratProject"
"CATCGAACAGCGTAAG",3753,17765,"SeuratProject"
"CATCGAATCCTTTCGG",982,2810,"SeuratProject"
"CATCGGGTCCTTGACC",1672,5266,"SeuratProject"
"CATGACACACGTGAGA",3284,16376,"SeuratProject"
"CATGACAGTCGGCACT",1587,4595,"SeuratProject"
"CATGACATCCGCAGTG",4005,18264,"SeuratProject"
"CATGACATCTGTTTGT",2388,7312,"SeuratProject"
"CATGACATCTTTAGGG",1700,5233,"SeuratProject"
"CATGCCTAGCTTATCG",1353,4436,"SeuratProject"
"CATGCCTAGTCGTACT",1160,2981,"SeuratProject"
"CATGCCTGTCTAGCCG",2813,10198,"SeuratProject"
"CATGCCTGTGACGGTA",2949,10113,"SeuratProject"
"CATGCCTTCCCTGACT",1614,5572,"SeuratProject"
"CATGGCGAGTCACGCC",1414,4390,"SeuratProject"
"CATGGCGCACAGACAG",2145,5921,"SeuratProject"
"CATGGCGGTCAGTGGA",1562,4742,"SeuratProject"
"CATTATCTCAATACCG",1954,4922,"SeuratProject"
"CATTATCTCAGCTCTC",925,2486,"SeuratProject"
"CATTCGCAGCGTTGCC",1238,2727,"SeuratProject"
"CATTCGCCAAAGGCGT",2263,8093,"SeuratProject"
"CCAATCCGTACTCAAC",1475,4876,"SeuratProject"
"CCACCTACAAGTCATC",2111,5680,"SeuratProject"
"CCACCTATCAGTTAGC",1298,2620,"SeuratProject"
"CCACGGATCTTGTACT",934,2291,"SeuratProject"
"CCACTACAGATCTGAA",1276,4027,"SeuratProject"
"CCAGCGAAGTGAAGAG",1233,3435,"SeuratProject"
"CCAGCGAAGTTACCCA",1778,5833,"SeuratProject"
"CCAGCGACACGAAATA",913,2253,"SeuratProject"
"CCAGCGATCCGCGCAA",1544,4125,"SeuratProject"
"CCATGTCAGACCTAGG",1447,4479,"SeuratProject"
"CCATGTCGTTGAACTC",2861,10884,"SeuratProject"
"CCATTCGAGCTGAACG",1552,4713,"SeuratProject"
"CCATTCGGTCTAGCCG",1770,4892,"SeuratProject"
"CCATTCGGTCTCCCTA",1426,4957,"SeuratProject"
"CCATTCGTCAGAAATG",2404,8390,"SeuratProject"
"CCATTCGTCCCAGGTG",2017,6966,"SeuratProject"
"CCCAATCCACCGTTGG",1081,2526,"SeuratProject"
"CCCAGTTAGCTTATCG",1592,5036,"SeuratProject"
"CCCATACCAAGGTGTG",1408,4568,"SeuratProject"
"CCCATACGTACATGTC",1843,5353,"SeuratProject"
"CCCATACGTCTCCACT",3378,14290,"SeuratProject"
"CCCTCCTAGAGGTACC",2108,5011,"SeuratProject"
"CCCTCCTAGCAGCCTC",2686,10498,"SeuratProject"
"CCCTCCTCAGTTCCCT",2280,8435,"SeuratProject"
"CCCTCCTTCCGCGCAA",1658,4078,"SeuratProject"
"CCCTCCTTCTGTACGA",2193,7902,"SeuratProject"
"CCCTCCTTCTTCTGGC",1563,4437,"SeuratProject"
"CCGTACTAGCGATTCT",1589,4390,"SeuratProject"
"CCGTACTGTAGTAGTA",2822,10383,"SeuratProject"
"CCGTACTGTCTTTCAT",1735,4522,"SeuratProject"
"CCGTACTTCACATAGC",1463,4974,"SeuratProject"
"CCGTACTTCATGGTCA",2957,12142,"SeuratProject"
"CCGTGGACACGGATAG",1462,4179,"SeuratProject"
"CCGTGGATCCCACTTG",3009,12218,"SeuratProject"
"CCGTTCATCGTGGACC",997,2384,"SeuratProject"
"CCTAAAGAGTACGTAA",1821,6016,"SeuratProject"
"CCTAAAGTCGCCTGTT",1368,3651,"SeuratProject"
"CCTAGCTCATGGAATA",1283,3077,"SeuratProject"
"CCTAGCTGTAAGAGAG",2490,9566,"SeuratProject"
"CCTATTACAGTTCATG",2215,5920,"SeuratProject"
"CCTATTATCACTTCAT",2152,6926,"SeuratProject"
"CCTCAGTGTCGGCACT",1340,2816,"SeuratProject"
"CCTCAGTTCAACGAAA",2155,8691,"SeuratProject"
"CCTCTGAAGATCCCAT",1142,2842,"SeuratProject"
"CCTTACGAGAGCTATA",1928,5558,"SeuratProject"
"CCTTACGAGTGTACGG",1389,4462,"SeuratProject"
"CCTTACGCAGATGGCA",1167,3135,"SeuratProject"
"CCTTACGCATATACCG",1599,5128,"SeuratProject"
"CCTTACGGTCCGCTGA",2012,5789,"SeuratProject"
"CCTTCCCAGAGTTGGC",1561,3684,"SeuratProject"
"CCTTCCCTCCGTCATC",2080,5947,"SeuratProject"
"CCTTCGAAGCGTCAAG",1290,3237,"SeuratProject"
"CCTTCGAAGCGTTTAC",3562,16277,"SeuratProject"
"CCTTCGACAACACCCG",1248,3523,"SeuratProject"
"CCTTCGAGTAGCGTAG",1499,5119,"SeuratProject"
"CCTTCGAGTGTTTGGT",1243,3839,"SeuratProject"
"CCTTCGATCTGAGGGA",3202,12345,"SeuratProject"
"CCTTTCTAGTGTCCAT",1704,5019,"SeuratProject"
"CGAACATCATAAAGGT",1540,4116,"SeuratProject"
"CGAACATCATTACGAC",1926,7573,"SeuratProject"
"CGAACATGTCAAAGAT",1343,3386,"SeuratProject"
"CGAACATTCCGGGTGT",1591,4750,"SeuratProject"
"CGAATGTCATAGGATA",1213,3816,"SeuratProject"
"CGAATGTGTGAGTATA",2645,10232,"SeuratProject"
"CGACCTTCAAACTGTC",2024,4974,"SeuratProject"
"CGACCTTGTACTCGCG",1624,5918,"SeuratProject"
"CGACCTTGTACTCTCC",1543,5778,"SeuratProject"
"CGACTTCGTTCTGTTT",1298,2515,"SeuratProject"
"CGAGAAGAGATAGCAT",2077,5273,"SeuratProject"
"CGAGAAGAGGCGCTCT",1200,3086,"SeuratProject"
"CGAGAAGTCTAACTGG",1530,4943,"SeuratProject"
"CGAGCACCATCACGTA",1900,6598,"SeuratProject"
"CGAGCACTCTCGTATT",1520,3860,"SeuratProject"
"CGAGCCACACAGGCCT",2325,7620,"SeuratProject"
"CGAGCCATCGGCTTGG",1491,4877,"SeuratProject"
"CGATCGGAGGTGCTAG",1512,4112,"SeuratProject"
"CGATGGCCAGTCAGAG",1368,3740,"SeuratProject"
"CGATGGCTCGTCTGAA",2614,9145,"SeuratProject"
"CGATGGCTCTGCTTGC",3818,21269,"SeuratProject"
"CGATTGACACATCCAA",1278,4025,"SeuratProject"
"CGCCAAGAGGACGAAA",1912,5352,"SeuratProject"
"CGCCAAGCAATACGCT",2453,10669,"SeuratProject"
"CGCCAAGGTGACGCCT",1365,4018,"SeuratProject"
"CGCCAAGGTTGATTCG",3112,9227,"SeuratProject"
"CGCGGTAAGTCCAGGA",1850,4938,"SeuratProject"
"CGCGGTAAGTTGCAGG",1764,6435,"SeuratProject"
"CGCGGTACAAAGGAAG",4399,24547,"SeuratProject"
"CGCGGTACACCTGGTG",1952,6959,"SeuratProject"
"CGCGGTAGTGACGGTA",2281,9681,"SeuratProject"
"CGCGGTATCATCTGTT",3978,20197,"SeuratProject"
"CGCGTTTAGTGTCCAT",1584,6035,"SeuratProject"
"CGCGTTTAGTGTTGAA",1382,3894,"SeuratProject"
"CGCTGGAAGTGAACGC",4326,18116,"SeuratProject"
"CGCTGGACAGCCTGTG",2185,6851,"SeuratProject"
"CGCTGGAGTTGGAGGT",1425,4726,"SeuratProject"
"CGCTGGAGTTGTCTTT",1167,3068,"SeuratProject"
"CGCTTCAGTCTCTTTA",1603,4636,"SeuratProject"
"CGGACACAGCTGCCCA",1444,5207,"SeuratProject"
"CGGACACGTCAAAGAT",3740,18866,"SeuratProject"
"CGGACACGTGCAGACA",1231,3345,"SeuratProject"
"CGGACGTAGAGAGCTC",3002,10145,"SeuratProject"
"CGGACGTAGGTAGCTG",840,2267,"SeuratProject"
"CGGACGTGTTATCGGT",1108,2908,"SeuratProject"
"CGGACTGTCTGCGTAA",1373,4125,"SeuratProject"
"CGGCTAGAGTATGACA",2336,8979,"SeuratProject"
"CGGCTAGCAGAGTGTG",1116,2987,"SeuratProject"
"CGGCTAGGTAAGTGGC",1736,5341,"SeuratProject"
"CGGCTAGGTCATCCCT",1179,3251,"SeuratProject"
"CGGTTAAAGCGGATCA",1800,6702,"SeuratProject"
"CGGTTAAAGCGTTTAC",1259,4523,"SeuratProject"
"CGGTTAACAGCTCGAC",1371,3645,"SeuratProject"
"CGGTTAAGTGTGCCTG",3994,21311,"SeuratProject"
"CGTAGCGAGATGTCGG",1533,5303,"SeuratProject"
"CGTAGGCAGAGGGATA",1745,5149,"SeuratProject"
"CGTAGGCCACGTGAGA",2680,13051,"SeuratProject"
"CGTAGGCCAGAGCCAA",1393,5169,"SeuratProject"
"CGTAGGCTCGACGGAA",1635,6753,"SeuratProject"
"CGTCACTTCGTGTAGT",1754,4774,"SeuratProject"
"CGTCAGGAGGTGACCA",1371,3715,"SeuratProject"
"CGTCAGGCACAGCGTC",1611,4712,"SeuratProject"
"CGTCAGGGTCTAAAGA",1492,5608,"SeuratProject"
"CGTCAGGTCTGGTGTA",2604,8783,"SeuratProject"
"CGTCCATGTAAGTTCC",1286,4187,"SeuratProject"
"CGTCCATGTACTTAGC",1347,5190,"SeuratProject"
"CGTCCATGTGAGGGTT",1758,6575,"SeuratProject"
"CGTGAGCAGGTGCTAG",1710,6982,"SeuratProject"
"CGTGAGCCAGTATCTG",2120,6049,"SeuratProject"
"CGTGAGCGTCGAATCT",1267,3702,"SeuratProject"
"CGTGTAAAGTCCCACG",1488,4244,"SeuratProject"
"CGTGTAAGTACCGTTA",2297,6663,"SeuratProject"
"CGTGTAAGTCGCTTCT",1586,5585,"SeuratProject"
"CGTGTAAGTGCCTGCA",1218,3378,"SeuratProject"
"CGTGTAAGTTATCACG",1755,5592,"SeuratProject"
"CGTGTCTCACCTATCC",2339,7479,"SeuratProject"
"CGTTAGAGTGCCTGCA",1443,4467,"SeuratProject"
"CGTTAGATCAGGCAAG",1296,3341,"SeuratProject"
"CGTTAGATCTCTGTCG",1229,3278,"SeuratProject"
"CGTTCTGAGTAAGTAC",1587,4596,"SeuratProject"
"CGTTCTGAGTCCTCCT",1553,4309,"SeuratProject"
"CGTTCTGTCTATGTGG",2339,7153,"SeuratProject"
"CGTTGGGAGAATTGTG",1299,3218,"SeuratProject"
"CTAACTTAGAGGGATA",1061,3194,"SeuratProject"
"CTAACTTAGTGGCACA",1336,4044,"SeuratProject"
"CTAACTTCAAGGGTCA",1117,3188,"SeuratProject"
"CTAACTTCAGGGCATA",1510,3830,"SeuratProject"
"CTAACTTTCTGGCGAC",2615,9602,"SeuratProject"
"CTAAGACGTATAATGG",2315,11859,"SeuratProject"
"CTAAGACTCCTCAACC",2531,8070,"SeuratProject"
"CTACACCCAATGACCT",1621,6441,"SeuratProject"
"CTACACCGTAGGAGTC",1514,5817,"SeuratProject"
"CTACATTGTAGCACGA",1301,3935,"SeuratProject"
"CTACATTGTAGGACAC",1766,5008,"SeuratProject"
"CTACATTGTGAAATCA",1800,5057,"SeuratProject"
"CTACCCAGTCCGAACC",1391,4173,"SeuratProject"
"CTACCCAGTCTCCATC",1576,3849,"SeuratProject"
"CTACGTCCAACGATCT",3072,13399,"SeuratProject"
"CTACGTCGTGCACGAA",941,2386,"SeuratProject"
"CTAGAGTAGCTGTTCA",2894,10708,"SeuratProject"
"CTAGAGTCAGACGTAG",1319,3858,"SeuratProject"
"CTAGAGTGTTCAGCGC",1554,5174,"SeuratProject"
"CTAGCCTAGGCTCAGA",1102,2850,"SeuratProject"
"CTAGCCTCAGCCACCA",1541,5098,"SeuratProject"
"CTAGCCTTCGAATCCA",1380,4079,"SeuratProject"
"CTAGTGACAAGAGTCG",1099,3300,"SeuratProject"
"CTCACACGTCAGATAA",2431,6962,"SeuratProject"
"CTCACACGTCGCATAT",1330,2973,"SeuratProject"
"CTCACACGTCGCGTGT",991,2672,"SeuratProject"
"CTCACACGTGTGACGA",1604,5306,"SeuratProject"
"CTCAGAAAGCACACAG",1327,3882,"SeuratProject"
"CTCAGAACAAGTCTGT",1284,3485,"SeuratProject"
"CTCAGAACACCTGGTG",2059,7209,"SeuratProject"
"CTCATTAAGATCCGAG",4061,24467,"SeuratProject"
"CTCCTAGAGTGTTTGC",1522,4310,"SeuratProject"
"CTCCTAGCAAAGGCGT",1546,5457,"SeuratProject"
"CTCCTAGGTTCGGGCT",948,2609,"SeuratProject"
"CTCCTAGTCAGCTTAG",1639,5806,"SeuratProject"
"CTCGAAACAAGACGTG",1601,3824,"SeuratProject"
"CTCGAAAGTGGAAAGA",2754,11634,"SeuratProject"
"CTCGAGGGTACTCTCC",2739,12605,"SeuratProject"
"CTCGGAGCAATCTGCA",3938,15694,"SeuratProject"
"CTCGGAGTCCAAAGTC",2069,8316,"SeuratProject"
"CTCGGGAAGCTGCGAA",1333,3362,"SeuratProject"
"CTCGGGAAGGACAGCT",1684,3986,"SeuratProject"
"CTCGGGAAGTTGAGTA",1078,3288,"SeuratProject"
"CTCGGGAGTAAACCTC",1245,2862,"SeuratProject"
"CTCGTACAGATGTTAG",1567,4982,"SeuratProject"
"CTCGTACAGCTAGTCT",1757,4291,"SeuratProject"
"CTCGTACAGTCCAGGA",3147,11982,"SeuratProject"
"CTCGTACCACTGTCGG",1145,2979,"SeuratProject"
"CTCGTACGTTACGGAG",1824,6475,"SeuratProject"
"CTCGTCACAAGGGTCA",882,2094,"SeuratProject"
"CTCGTCACAGCGTCCA",1735,6616,"SeuratProject"
"CTCTAATCACCGAATT",1254,3136,"SeuratProject"
"CTCTAATCACGCTTTC",2733,9847,"SeuratProject"
"CTCTACGAGGCCGAAT",2088,7520,"SeuratProject"
"CTCTACGCAGATGGCA",2665,8093,"SeuratProject"
"CTCTACGCATCACAAC",1360,4469,"SeuratProject"
"CTCTGGTGTCGTGGCT",1199,3148,"SeuratProject"
"CTCTGGTGTTCACGGC",1635,6156,"SeuratProject"
"CTGAAACTCATCTGTT",1874,4910,"SeuratProject"
"CTGAAGTCATTAGGCT",1457,4477,"SeuratProject"
"CTGAAGTGTGTTTGGT",3121,13075,"SeuratProject"
"CTGAAGTTCAGTTCGA",1735,6558,"SeuratProject"
"CTGATAGTCGAGAACG",1820,6449,"SeuratProject"
"CTGATCCCATAACCTG",1549,3922,"SeuratProject"
"CTGATCCGTACAGTGG",1143,2952,"SeuratProject"
"CTGCCTAAGGATTCGG",2680,9960,"SeuratProject"
"CTGCCTACACGCGAAA",1365,3747,"SeuratProject"
"CTGCCTACATGGATGG",1651,6435,"SeuratProject"
"CTGCCTAGTTACGGAG",2441,8180,"SeuratProject"
"CTGCCTATCTAACTCT",960,2108,"SeuratProject"
"CTGCGGACACCCTATC",835,2376,"SeuratProject"
"CTGCGGACATTGCGGC",3391,15755,"SeuratProject"
"CTGCGGAGTCACTGGC",3844,18235,"SeuratProject"
"CTGCGGATCCTAAGTG",1606,3852,"SeuratProject"
"CTGCTGTCACACCGAC",1416,4215,"SeuratProject"
"CTGCTGTTCCGCATAA",1053,2909,"SeuratProject"
"CTGCTGTTCTCTAAGG",2502,8156,"SeuratProject"
"CTGGTCTGTTACGACT",1513,5154,"SeuratProject"
"CTGGTCTTCCTATGTT",1509,4571,"SeuratProject"
"CTGGTCTTCTACTATC",1761,4483,"SeuratProject"
"CTGTGCTCAATCCAAC",1583,6573,"SeuratProject"
"CTGTTTAAGCCTTGAT",1332,3287,"SeuratProject"
"CTGTTTATCGTGGTCG",2692,8896,"SeuratProject"
"CTTAACTCATAGACTC",1505,3555,"SeuratProject"
"CTTAACTGTAAGCACG",1261,3575,"SeuratProject"
"CTTAACTTCGGTGTCG",1491,4743,"SeuratProject"
"CTTACCGCAGCTGCAC",1884,6185,"SeuratProject"
"CTTACCGCATGCCCGA",1798,6031,"SeuratProject"
"CTTAGGAAGCGATTCT",1516,4892,"SeuratProject"
"CTTAGGACACGCGAAA",1115,3015,"SeuratProject"
"CTTAGGAGTACGCTGC",2378,7455,"SeuratProject"
"CTTAGGAGTATATGGA",1997,7387,"SeuratProject"
"CTTCTCTAGAATGTTG",1504,5433,"SeuratProject"
"CTTCTCTCATCAGTAC",1694,6293,"SeuratProject"
"CTTGGCTAGGAGCGAG",1643,4540,"SeuratProject"
"CTTGGCTAGTAGATGT",1912,6231,"SeuratProject"
"CTTGGCTGTGCATCTA",2370,7511,"SeuratProject"
"CTTGGCTTCATTGCCC",2554,9565,"SeuratProject"
"CTTGGCTTCGCGTAGC",1778,4067,"SeuratProject"
"CTTTGCGAGTTAACGA",1278,3094,"SeuratProject"
"CTTTGCGTCAACACCA",2198,7453,"SeuratProject"
"GAAACTCTCACTTATC",3502,14752,"SeuratProject"
"GAAATGAAGAGCTTCT",3461,17296,"SeuratProject"
"GAAATGACATGCGCAC",1640,5977,"SeuratProject"
"GAAATGAGTAGCAAAT",2128,6011,"SeuratProject"
"GAAATGATCAAGATCC",1603,6046,"SeuratProject"
"GAACATCAGTACGACG",1465,4135,"SeuratProject"
"GAACCTAAGAGGTAGA",1361,4230,"SeuratProject"
"GAACCTATCAACCAAC",883,2052,"SeuratProject"
"GAACGGAGTAGCGATG",1699,5287,"SeuratProject"
"GAACGGATCACTATTC",1695,5003,"SeuratProject"
"GAAGCAGAGACACGAC",2830,11252,"SeuratProject"
"GAAGCAGAGTGTACCT",1053,2134,"SeuratProject"
"GAAGCAGGTCCATCCT",1395,3639,"SeuratProject"
"GAAGCAGTCTGATTCT",2427,8658,"SeuratProject"
"GAAGCAGTCTGCTTGC",1531,5550,"SeuratProject"
"GAATAAGCAATGAAAC",1525,4259,"SeuratProject"
"GAATAAGCACAGACTT",1241,3970,"SeuratProject"
"GAATAAGTCACCGGGT",1797,6485,"SeuratProject"
"GAATAAGTCGGCGCTA",893,2283,"SeuratProject"
"GAATGAATCTCGAGTA",1185,3367,"SeuratProject"
"GACACGCAGAGGGCTT",1084,2520,"SeuratProject"
"GACACGCCAGTTCATG",2243,6012,"SeuratProject"
"GACACGCGTCACTTCC",3015,11835,"SeuratProject"
"GACAGAGAGTGAAGAG",2749,10064,"SeuratProject"
"GACAGAGGTGGTTTCA",3705,20673,"SeuratProject"
"GACCAATCAAGCCCAC",1440,3315,"SeuratProject"
"GACCAATCAGATTGCT",1568,5249,"SeuratProject"
"GACCAATCAGTAGAGC",1193,2948,"SeuratProject"
"GACCAATGTACGCTGC",2056,4844,"SeuratProject"
"GACCAATTCAACACAC",2469,8614,"SeuratProject"
"GACCTGGGTTCGTGAT",2141,6417,"SeuratProject"
"GACCTGGTCTAAGCCA",2237,7820,"SeuratProject"
"GACGCGTGTACCGGCT",931,2451,"SeuratProject"
"GACGCGTGTCTCTCTG",2168,5523,"SeuratProject"
"GACGGCTCAACGCACC",1355,3744,"SeuratProject"
"GACGGCTGTGATGTCT",3275,13912,"SeuratProject"
"GACGTGCAGGCAATTA",1327,3653,"SeuratProject"
"GACGTGCAGGTGATTA",1463,3760,"SeuratProject"
"GACGTGCTCGCATGGC",1543,6104,"SeuratProject"
"GACGTTAGTCACCTAA",2800,10238,"SeuratProject"
"GACGTTAGTCGCATCG",2748,10050,"SeuratProject"
"GACTAACGTAGAAGGA",1699,4862,"SeuratProject"
"GACTACAAGAGGGATA",1356,3324,"SeuratProject"
"GACTACACATACGCCG",1272,3414,"SeuratProject"
"GACTGCGTCCCACTTG",2326,8412,"SeuratProject"
"GAGCAGATCACATAGC",1283,3914,"SeuratProject"
"GAGCAGATCGTATCAG",2577,9473,"SeuratProject"
"GAGGTGAAGACAGGCT",1379,3443,"SeuratProject"
"GAGGTGATCAAACCGT",1292,3911,"SeuratProject"
"GAGGTGATCGGTCTAA",1208,3861,"SeuratProject"
"GAGGTGATCTATCCTA",1967,5038,"SeuratProject"
"GAGTCCGAGTCAAGCG",4262,22546,"SeuratProject"
"GAGTCCGGTCTGCCAG",2163,8556,"SeuratProject"
"GAGTCCGTCGGAGGTA",1343,3927,"SeuratProject"
"GATCAGTCACAGACTT",1234,3453,"SeuratProject"
"GATCAGTCATGCGCAC",2256,8598,"SeuratProject"
"GATCAGTGTTGGTGGA",2920,9839,"SeuratProject"
"GATCGATCAGCATGAG",1426,4632,"SeuratProject"
"GATCGATGTTACTGAC",1440,4193,"SeuratProject"
"GATCGATTCCACGACG",4514,24583,"SeuratProject"
"GATCGCGAGCCTTGAT",1667,6751,"SeuratProject"
"GATCGCGCACAAGACG",837,2483,"SeuratProject"
"GATCGCGCATTCCTGC",1693,4700,"SeuratProject"
"GATCGCGGTAGTAGTA",1668,4112,"SeuratProject"
"GATCGTACATGCCTTC",1600,5078,"SeuratProject"
"GATCGTAGTATGAATG",2320,7862,"SeuratProject"
"GATCGTATCTTCCTTC",2885,11134,"SeuratProject"
"GATCTAGGTACCAGTT",3071,9997,"SeuratProject"
"GATCTAGGTATAGGGC",3932,18514,"SeuratProject"
"GATCTAGTCCAGTATG",1946,6507,"SeuratProject"
"GATGAAAGTTGAACTC",1970,5652,"SeuratProject"
"GATGAGGCATCGATGT",857,2169,"SeuratProject"
"GATGAGGGTCCAACTA",2546,8536,"SeuratProject"
"GATGAGGGTCGCTTCT",2720,9893,"SeuratProject"
"GATGCTAAGGCTAGGT",1393,3445,"SeuratProject"
"GATGCTACAAGCGCTC",1440,3702,"SeuratProject"
"GATGCTACAAGTCTAC",1366,4423,"SeuratProject"
"GATTCAGGTAACGTTC",1445,4123,"SeuratProject"
"GATTCAGTCATGCTCC",2000,4931,"SeuratProject"
"GCAAACTAGTCAAGGC",1416,3800,"SeuratProject"
"GCAAACTGTGGAAAGA",4349,25034,"SeuratProject"
"GCACATATCAAAGTAG",1017,2616,"SeuratProject"
"GCACATATCCCTCTTT",1668,3789,"SeuratProject"
"GCACTCTAGGCGATAC",1889,5429,"SeuratProject"
"GCACTCTCAACTGCGC",2844,14308,"SeuratProject"
"GCACTCTCATGCTGGC",1790,5185,"SeuratProject"
"GCACTCTGTCAGGACA",1493,3251,"SeuratProject"
"GCAGCCAAGCTAACTC",1472,4848,"SeuratProject"
"GCAGCCAAGCTGCCCA",1264,3198,"SeuratProject"
"GCAGCCAGTTCGTCTC",1908,6304,"SeuratProject"
"GCAGCCATCAGGTTCA",1420,3708,"SeuratProject"
"GCAGCCATCATCATTC",1949,7088,"SeuratProject"
"GCAGCCATCCCTCAGT",3460,14397,"SeuratProject"
"GCAGCCATCGTGGACC",2095,6330,"SeuratProject"
"GCAGCCATCTCATTCA",1364,3529,"SeuratProject"
"GCAGCCATCTCCTATA",1426,4384,"SeuratProject"
"GCAGTTAAGTTACGGG",2888,11154,"SeuratProject"
"GCAGTTACAACTGCTA",1418,4023,"SeuratProject"
"GCATACAAGGACTGGT",1429,4504,"SeuratProject"
"GCATACAAGTGCTGCC",3961,20028,"SeuratProject"
"GCATACAGTCAAAGCG",2194,7660,"SeuratProject"
"GCATACAGTCATATCG",982,2548,"SeuratProject"
"GCATACAGTCCTAGCG",1312,3092,"SeuratProject"
"GCATACAGTCGCGGTT",3053,11105,"SeuratProject"
"GCATACAGTTAAAGAC",3231,13158,"SeuratProject"
"GCATACATCGAATGGG",3478,15598,"SeuratProject"
"GCATACATCTGCTGCT",2611,11363,"SeuratProject"
"GCATGATAGGACGAAA",1585,4925,"SeuratProject"
"GCATGATGTCACACGC",1303,3071,"SeuratProject"
"GCATGATTCGTCTGAA",1998,5326,"SeuratProject"
"GCATGCGAGAGGTAGA",1358,3179,"SeuratProject"
"GCATGCGCACAGGCCT",842,2559,"SeuratProject"
"GCATGCGGTATGGTTC",1371,3554,"SeuratProject"
"GCATGCGGTTGCGTTA",1436,4587,"SeuratProject"
"GCATGTAAGGGTTTCT",3196,12543,"SeuratProject"
"GCATGTAGTTCCCGAG",1468,5050,"SeuratProject"
"GCCTCTAAGCTGATAA",2196,7274,"SeuratProject"
"GCCTCTACAAATACAG",1484,4378,"SeuratProject"
"GCCTCTATCAACACTG",1429,4020,"SeuratProject"
"GCCTCTATCAACCAAC",1084,2842,"SeuratProject"
"GCCTCTATCGGTGTTA",1234,3224,"SeuratProject"
"GCGACCATCAGAGACG",1392,4428,"SeuratProject"
"GCGAGAAGTCACAAGG",1443,3525,"SeuratProject"
"GCGAGAAGTGGCAAAC",1341,4335,"SeuratProject"
"GCGAGAATCAGGCAAG",1159,2597,"SeuratProject"
"GCGCAACAGACACTAA",2070,5773,"SeuratProject"
"GCGCAACCAAATCCGT",1387,3727,"SeuratProject"
"GCGCAACTCTCCAGGG",1355,3847,"SeuratProject"
"GCGCCAAAGACCTAGG",2394,7499,"SeuratProject"
"GCGCCAAAGGCTATCT",1462,4495,"SeuratProject"
"GCGCCAAAGTGTACCT",1342,3380,"SeuratProject"
"GCGCCAATCTTCGAGA",2611,9235,"SeuratProject"
"GCGCGATGTAATAGCA",1570,4706,"SeuratProject"
"GCGCGATGTTAAAGTG",1179,3438,"SeuratProject"
"GCGGGTTGTAAGCACG",2333,8534,"SeuratProject"
"GCTCCTAAGAAACCTA",1778,5717,"SeuratProject"
"GCTCCTAAGAGGTAGA",1331,3063,"SeuratProject"
"GCTCCTACAGCCAATT",1341,4209,"SeuratProject"
"GCTCCTATCCATTCTA",2285,5970,"SeuratProject"
"GCTCTGTAGAGTTGGC",1062,2538,"SeuratProject"
"GCTCTGTAGCTAGCCC",1208,3465,"SeuratProject"
"GCTCTGTGTTAAGACA",1174,3698,"SeuratProject"
"GCTGCAGCACGGATAG",1774,6011,"SeuratProject"
"GCTGCAGTCGGACAAG",1504,5063,"SeuratProject"
"GCTGCGACACAGAGGT",1339,4203,"SeuratProject"
"GCTGCGAGTTGCGTTA",1483,4758,"SeuratProject"
"GCTGCGATCCATTCTA",1258,3925,"SeuratProject"
"GCTGCTTAGCAGACTG",1654,6630,"SeuratProject"
"GCTGCTTAGCTAACTC",1132,3939,"SeuratProject"
"GCTGCTTAGGACAGAA",1492,4725,"SeuratProject"
"GCTGCTTAGTCTCGGC",1157,3376,"SeuratProject"
"GCTGCTTCATAGAAAC",1619,5827,"SeuratProject"
"GCTGCTTGTCCCGACA",1186,3375,"SeuratProject"
"GCTGGGTTCGCCGTGA",3741,16634,"SeuratProject"
"GCTTCCACAGACTCGC",3421,15107,"SeuratProject"
"GCTTCCACATCCTAGA",1981,4952,"SeuratProject"
"GCTTCCATCAAACCGT",1589,4688,"SeuratProject"
"GCTTCCATCACTTACT",1022,2445,"SeuratProject"
"GCTTGAAGTGTGAAAT",1272,3504,"SeuratProject"
"GCTTGAAGTTGCCTCT",1104,2796,"SeuratProject"
"GCTTGAATCACTGGGC",2599,10013,"SeuratProject"
"GCTTGAATCAGGTAAA",3666,17820,"SeuratProject"
"GCTTGAATCGAACGGA",1975,8564,"SeuratProject"
"GGAAAGCAGGCATGGT",2174,7768,"SeuratProject"
"GGAAAGCAGGTACTCT",1578,5234,"SeuratProject"
"GGAAAGCAGGTAGCTG",2530,7179,"SeuratProject"
"GGAAAGCCAATCCGAT",1181,3199,"SeuratProject"
"GGAAAGCTCCAATGGT",1807,5629,"SeuratProject"
"GGAAAGCTCTTCATGT",1328,3947,"SeuratProject"
"GGAACTTAGTACCGGA",1862,6119,"SeuratProject"
"GGAACTTAGTGCTGCC",3488,15159,"SeuratProject"
"GGAACTTTCGCATGAT",2893,10794,"SeuratProject"
"GGAACTTTCGTGGTCG",3046,13435,"SeuratProject"
"GGAATAAAGCTAAGAT",3524,14425,"SeuratProject"
"GGAATAACACGGATAG",1850,6236,"SeuratProject"
"GGAATAACATCATCCC",2493,7403,"SeuratProject"
"GGAATAAGTACCCAAT",894,2153,"SeuratProject"
"GGACAAGGTTAGATGA",2208,6137,"SeuratProject"
"GGACAAGTCTCTGTCG",808,2672,"SeuratProject"
"GGACAGACACGTTGGC",1863,6174,"SeuratProject"
"GGACAGAGTGCATCTA",1564,5972,"SeuratProject"
"GGACAGATCCGTTGTC",1747,4682,"SeuratProject"
"GGACATTAGAGCTGCA",2766,14090,"SeuratProject"
"GGACATTGTTCGGCAC",1823,5164,"SeuratProject"
"GGACATTTCGTTGACA",1613,5275,"SeuratProject"
"GGACATTTCTGTCAAG",3186,16682,"SeuratProject"
"GGACGTCGTTATCGGT",1562,5061,"SeuratProject"
"GGAGCAACAAGTTCTG",2324,7370,"SeuratProject"
"GGAGCAAGTGTGTGCC",1868,5273,"SeuratProject"
"GGAGCAATCGCGGATC",1675,6606,"SeuratProject"
"GGATGTTTCACAACGT",1830,6726,"SeuratProject"
"GGATTACAGATCCGAG",718,2054,"SeuratProject"
"GGATTACGTCCTGCTT",3455,17252,"SeuratProject"
"GGATTACGTTCGCGAC",1497,4658,"SeuratProject"
"GGCAATTAGACAAGCC",2707,11642,"SeuratProject"
"GGCAATTAGCTGAAAT",1663,4326,"SeuratProject"
"GGCAATTGTAAGTAGT",1758,4871,"SeuratProject"
"GGCAATTTCATCGATG",1350,4176,"SeuratProject"
"GGCAATTTCCTCGCAT",3357,13463,"SeuratProject"
"GGCCGATCACGGTGTC",1815,4224,"SeuratProject"
"GGCCGATTCTGCGTAA",2483,9124,"SeuratProject"
"GGCGACTAGCCACGCT",1705,4471,"SeuratProject"
"GGCGACTAGCGCTCCA",1599,4199,"SeuratProject"
"GGCGACTCACTATCTT",2438,9994,"SeuratProject"
"GGCGACTTCACGGTTA",1865,6695,"SeuratProject"
"GGCGTGTCAAGCGCTC",2909,11663,"SeuratProject"
"GGCGTGTTCCTTAATC",1279,4193,"SeuratProject"
"GGCTCGAAGTCCATAC",1934,7722,"SeuratProject"
"GGCTGGTCACCATGTA",3944,17249,"SeuratProject"
"GGGAATGCATCACAAC",4006,19420,"SeuratProject"
"GGGACCTGTTGAGGTG",1019,2795,"SeuratProject"
"GGGAGATCACGTGAGA",2217,5821,"SeuratProject"
"GGGAGATTCATGCTCC",1773,4122,"SeuratProject"
"GGGAGATTCGGATGTT",1876,7198,"SeuratProject"
"GGGATGAAGGAATGGA",1645,6445,"SeuratProject"
"GGGATGAGTAGAGTGC",3128,10693,"SeuratProject"
"GGGATGAGTTCAGGCC",1468,4730,"SeuratProject"
"GGGATGATCAGTTAGC",1383,3311,"SeuratProject"
"GGGCACTTCCTCATTA",1484,4237,"SeuratProject"
"GGGCACTTCTACTCAT",1345,3823,"SeuratProject"
"GGGCATCAGCGTGAAC",1473,3939,"SeuratProject"
"GGGTCTGCATAGACTC",1285,3877,"SeuratProject"
"GGGTCTGGTCTCACCT",1894,5358,"SeuratProject"
"GGGTTGCAGACTTGAA",3870,18134,"SeuratProject"
"GGGTTGCGTCCTAGCG",3005,12307,"SeuratProject"
"GGGTTGCTCTGAGGGA",2385,9432,"SeuratProject"
"GGTATTGAGACTGTAA",1486,4532,"SeuratProject"
"GGTATTGGTACGCACC",1525,5200,"SeuratProject"
"GGTATTGGTCTCATCC",1007,2703,"SeuratProject"
"GGTATTGGTTAAAGAC",2706,11365,"SeuratProject"
"GGTATTGTCCTGCCAT",1434,3358,"SeuratProject"
"GGTGAAGCAGCATGAG",1577,4448,"SeuratProject"
"GGTGAAGCATGGATGG",2733,8380,"SeuratProject"
"GGTGAAGGTCACTTCC",1703,6200,"SeuratProject"
"GGTGCGTAGCGTAATA",2247,6962,"SeuratProject"
"GGTGCGTAGGCGATAC",2030,4934,"SeuratProject"
"GGTGCGTAGGGATGGG",2387,7306,"SeuratProject"
"GGTGCGTGTCATCGGC",1172,3591,"SeuratProject"
"GGTGTTACAAATTGCC",1145,2659,"SeuratProject"
"GGTGTTACACTGCCAG",2025,7657,"SeuratProject"
"GGTGTTAGTAAATGAC",2912,11294,"SeuratProject"
"GGTGTTATCTCTGTCG",1413,5032,"SeuratProject"
"GTAACGTCAGTATAAG",3057,12418,"SeuratProject"
"GTAACGTGTATATGAG",1383,5116,"SeuratProject"
"GTAACGTGTGTGAAAT",1363,4161,"SeuratProject"
"GTAACTGAGCCTCGTG",1278,3373,"SeuratProject"
"GTAACTGCATGCAACT",3585,16410,"SeuratProject"
"GTAACTGTCAAGGCTT",1479,4604,"SeuratProject"
"GTAACTGTCCACTGGG",1407,3598,"SeuratProject"
"GTACGTAAGGCCCGTT",1900,5913,"SeuratProject"
"GTACGTACACAGCCCA",1404,4230,"SeuratProject"
"GTACGTATCACATGCA",1730,4303,"SeuratProject"
"GTACGTATCGACAGCC",2681,9265,"SeuratProject"
"GTACGTATCGTGACAT",2072,6549,"SeuratProject"
"GTACTCCGTCAATGTC",1739,4814,"SeuratProject"
"GTACTCCGTGGCCCTA",1894,5424,"SeuratProject"
"GTACTTTAGGACAGCT",1279,2985,"SeuratProject"
"GTACTTTAGTCGAGTG",1792,5773,"SeuratProject"
"GTACTTTAGTGTTAGA",1791,5105,"SeuratProject"
"GTACTTTGTCGGCATC",2779,9790,"SeuratProject"
"GTAGGCCGTCTGATTG",1550,4330,"SeuratProject"
"GTAGTCAGTCTGGAGA",2212,7361,"SeuratProject"
"GTATCTTAGACCACGA",2849,10418,"SeuratProject"
"GTATCTTGTAAATACG",897,2275,"SeuratProject"
"GTATTCTAGCCACGCT",1685,4649,"SeuratProject"
"GTATTCTCAAAGGAAG",1739,5653,"SeuratProject"
"GTATTCTCACTTAAGC",901,2323,"SeuratProject"
"GTATTCTGTTCAGCGC",3438,14397,"SeuratProject"
"GTATTCTTCCCGACTT",1706,4989,"SeuratProject"
"GTATTCTTCTTGTATC",2409,6796,"SeuratProject"
"GTCAAGTCAAGTTAAG",2372,7341,"SeuratProject"
"GTCAAGTGTACACCGC",2659,11922,"SeuratProject"
"GTCAAGTGTACATGTC",1403,3530,"SeuratProject"
"GTCACAATCGTTGCCT",843,2226,"SeuratProject"
"GTCACGGAGGTGATAT",1320,3500,"SeuratProject"
"GTCACGGCAGACGCTC",1320,3181,"SeuratProject"
"GTCACGGCAGGGCATA",1540,5190,"SeuratProject"
"GTCATTTGTCCCTTGT",3891,18035,"SeuratProject"
"GTCATTTTCGGCGGTT",1239,3679,"SeuratProject"
"GTCCTCAGTGGTTTCA",1315,3607,"SeuratProject"
"GTCCTCAGTGTCTGAT",1240,4576,"SeuratProject"
"GTCGGGTAGGCCCTTG",1309,3710,"SeuratProject"
"GTCGGGTCAGGCAGTA",1652,4530,"SeuratProject"
"GTCGGGTTCGCTTGTC",2117,9976,"SeuratProject"
"GTCGTAACACGGTGTC",1778,6526,"SeuratProject"
"GTCTCGTCAGACAGGT",1195,2487,"SeuratProject"
"GTGAAGGCAAGAGTCG",2460,8877,"SeuratProject"
"GTGCAGCCACAGAGGT",1777,6681,"SeuratProject"
"GTGCAGCCACATGTGT",1450,3201,"SeuratProject"
"GTGCAGCTCAGCGATT",3578,16614,"SeuratProject"
"GTGCGGTCATGATCCA",1261,4278,"SeuratProject"
"GTGCGGTGTTCGTTGA",1324,3838,"SeuratProject"
"GTGCGGTTCATACGGT",3286,13383,"SeuratProject"
"GTGCTTCAGCAAATCA",1646,6275,"SeuratProject"
"GTGCTTCAGTAATCCC",1856,4723,"SeuratProject"
"GTGCTTCCACCTGGTG",1678,6357,"SeuratProject"
"GTGCTTCCAGCTTAAC",2127,6958,"SeuratProject"
"GTGTGCGAGTGGACGT",2190,6043,"SeuratProject"
"GTGTGCGGTCTAGTGT",1596,6279,"SeuratProject"
"GTGTTAGAGGCACATG",1267,3691,"SeuratProject"
"GTGTTAGGTGCAGGTA",3656,14611,"SeuratProject"
"GTGTTAGTCGTAGGAG",4081,20712,"SeuratProject"
"GTTAAGCGTAAGTTCC",1385,4329,"SeuratProject"
"GTTAAGCTCACGACTA",2155,8047,"SeuratProject"
"GTTACAGCAAGCCGCT",1385,4043,"SeuratProject"
"GTTACAGCATTGGTAC",1176,3259,"SeuratProject"
"GTTACAGGTACCATCA",1989,5288,"SeuratProject"
"GTTACAGTCAAGGCTT",1742,4122,"SeuratProject"
"GTTCATTCATCACAAC",953,2139,"SeuratProject"
"GTTCATTGTTACGGAG",4701,29213,"SeuratProject"
"GTTCATTTCCAAATGC",2063,8856,"SeuratProject"
"GTTCATTTCGTCTGAA",1408,4049,"SeuratProject"
"GTTCGGGTCAACACCA",2420,8584,"SeuratProject"
"GTTCGGGTCCTATTCA",2091,8685,"SeuratProject"
"GTTCGGGTCTCGTTTA",2164,5948,"SeuratProject"
"GTTCTCGAGATGAGAG",1820,4611,"SeuratProject"
"GTTTCTAAGCAGCGTA",1346,3215,"SeuratProject"
"GTTTCTACACCATGTA",2174,9316,"SeuratProject"
"GTTTCTACACCCAGTG",3504,15493,"SeuratProject"
"GTTTCTAGTCTTGATG",3800,17710,"SeuratProject"
"GTTTCTAGTTGTACAC",1077,2461,"SeuratProject"
"TAAACCGAGACGCAAC",3563,16244,"SeuratProject"
"TAAACCGAGCGAGAAA",1438,3901,"SeuratProject"
"TAAACCGCAATCGAAA",2195,6952,"SeuratProject"
"TAAACCGGTGTGACCC",1244,3450,"SeuratProject"
"TAAACCGGTTACTGAC",1244,3278,"SeuratProject"
"TAAACCGGTTCAGACT",1506,3647,"SeuratProject"
"TAAGAGAAGAGCCTAG",1531,3438,"SeuratProject"
"TAAGAGATCGAACGGA",1699,5874,"SeuratProject"
"TAAGCGTAGAGACTAT",1552,5478,"SeuratProject"
"TAAGCGTCAAACGTGG",3185,12443,"SeuratProject"
"TAAGCGTCACGTCAGC",3519,19552,"SeuratProject"
"TAAGCGTTCACGCGGT",1049,2495,"SeuratProject"
"TAAGTGCAGGCCCTTG",2214,6919,"SeuratProject"
"TAAGTGCCAAAGGAAG",1501,4900,"SeuratProject"
"TACACGACAACGCACC",1497,3605,"SeuratProject"
"TACACGACATATGAGA",2870,14287,"SeuratProject"
"TACACGAGTGAGGGTT",1387,3590,"SeuratProject"
"TACACGATCCTTGACC",1421,4355,"SeuratProject"
"TACAGTGGTCCTCTTG",4590,27052,"SeuratProject"
"TACCTATTCGTCCAGG",1542,3482,"SeuratProject"
"TACCTATTCTGGTATG",1695,5106,"SeuratProject"
"TACCTTAAGTACGCCC",3225,13324,"SeuratProject"
"TACGGATTCATTTGGG",1649,4696,"SeuratProject"
"TACGGGCAGTGGGTTG",1576,4209,"SeuratProject"
"TACGGGCCATCGACGC",1290,3917,"SeuratProject"
"TACGGGCCATGTTCCC",2273,6986,"SeuratProject"
"TACGGGCTCCTGCTTG",1509,4795,"SeuratProject"
"TACGGTAAGATGTGGC",1465,3753,"SeuratProject"
"TACGGTAGTACAGCAG",2601,9875,"SeuratProject"
"TACTCATCACATAACC",1202,2591,"SeuratProject"
"TACTCATCACGGATAG",1718,6150,"SeuratProject"
"TACTCATGTGATAAGT",1309,3076,"SeuratProject"
"TACTCATGTTCACGGC",2229,6429,"SeuratProject"
"TACTCGCAGACCTAGG",4340,21171,"SeuratProject"
"TACTCGCAGGCGATAC",2458,10275,"SeuratProject"
"TACTCGCCATGATCCA",1933,5664,"SeuratProject"
"TACTTGTGTGTCGCTG",3033,11108,"SeuratProject"
"TACTTGTGTTACGACT",1482,3974,"SeuratProject"
"TAGACCAAGCTAAGAT",924,3117,"SeuratProject"
"TAGCCGGCAAGCTGTT",2672,8483,"SeuratProject"
"TAGTGGTGTGGCTCCA",1169,4098,"SeuratProject"
"TAGTGGTTCTTACCGC",1944,5234,"SeuratProject"
"TAGTTGGGTACGCACC",1043,2493,"SeuratProject"
"TAGTTGGTCACTCTTA",1788,7143,"SeuratProject"
"TATCAGGCAATCAGAA",2639,9177,"SeuratProject"
"TATCAGGCATCGATTG",1181,3268,"SeuratProject"
"TATCAGGTCTGCTGCT",1990,7739,"SeuratProject"
"TATCTCACAGTATCTG",3875,19070,"SeuratProject"
"TATCTCATCCTCAATT",1315,3951,"SeuratProject"
"TATTACCAGTAGATGT",2067,7112,"SeuratProject"
"TATTACCCACAAGCCC",1755,4603,"SeuratProject"
"TATTACCGTTGTCGCG",1519,4025,"SeuratProject"
"TATTACCTCGACCAGC",2550,7920,"SeuratProject"
"TATTACCTCTAACTCT",1827,4943,"SeuratProject"
"TCAACGATCAACACCA",3477,14302,"SeuratProject"
"TCACAAGTCTGCTGTC",1805,4742,"SeuratProject"
"TCACGAAAGCACAGGT",1500,2771,"SeuratProject"
"TCAGATGAGGATATAC",2335,7246,"SeuratProject"
"TCAGATGCATGACGGA",1488,3326,"SeuratProject"
"TCAGATGGTTACGCGC",1674,3847,"SeuratProject"
"TCAGATGTCAAACGGG",1638,4869,"SeuratProject"
"TCAGCAACAGTCACTA",3528,15656,"SeuratProject"
"TCAGCAACATCATCCC",1370,3656,"SeuratProject"
"TCAGCAAGTAAGGGCT",1621,4075,"SeuratProject"
"TCAGCAAGTGGTGTAG",3658,18111,"SeuratProject"
"TCAGGATAGTACGTTC",2451,11703,"SeuratProject"
"TCAGGTAAGCGACGTA",1447,3183,"SeuratProject"
"TCAGGTAAGTAGCCGA",1947,7341,"SeuratProject"
"TCAGGTATCAGAGGTG",1512,4296,"SeuratProject"
"TCATTTGTCAGAAATG",2071,5219,"SeuratProject"
"TCCACACAGCGATTCT",2867,9653,"SeuratProject"
"TCCACACAGTCAATAG",1989,7146,"SeuratProject"
"TCCACACCATCGGGTC",1837,6665,"SeuratProject"
"TCCACACGTTGTTTGG",1549,5543,"SeuratProject"
"TCCACACTCGTCTGAA",1356,3840,"SeuratProject"
"TCCCGATAGCCACGTC",1928,5193,"SeuratProject"
"TCCCGATCACCTGGTG",2708,9288,"SeuratProject"
"TCGAGGCAGAGAACAG",2891,10493,"SeuratProject"
"TCGAGGCCAGTACACT",1978,8407,"SeuratProject"
"TCGAGGCTCAAGATCC",1659,6263,"SeuratProject"
"TCGCGAGCAGTATGCT",3038,11736,"SeuratProject"
"TCGCGAGTCCGATATG",1247,3967,"SeuratProject"
"TCGCGTTGTCGCCATG",1059,3191,"SeuratProject"
"TCGCGTTGTCTAGCCG",3231,14340,"SeuratProject"
"TCGGGACCATCACGAT",1386,3873,"SeuratProject"
"TCGGGACGTCCATCCT",2796,14595,"SeuratProject"
"TCGGTAAAGATAGTCA",2642,10632,"SeuratProject"
"TCGGTAAGTCTTGCGG",1259,3591,"SeuratProject"
"TCGGTAAGTGTTGGGA",2417,6547,"SeuratProject"
"TCGTACCAGCAATCTC",1542,3979,"SeuratProject"
"TCGTACCGTCTAGTGT",946,1996,"SeuratProject"
"TCGTACCGTGGTGTAG",1203,2824,"SeuratProject"
"TCGTACCGTGTTCGAT",2938,11032,"SeuratProject"
"TCGTACCTCAACGGGA",1860,6522,"SeuratProject"
"TCGTAGATCCGGCACA",1668,4519,"SeuratProject"
"TCTATTGCACTTCTGC",1522,5421,"SeuratProject"
"TCTCATACACTGTCGG",1809,5692,"SeuratProject"
"TCTCATACAGAAGCAC",816,2301,"SeuratProject"
"TCTCTAAAGTACACCT",1332,3544,"SeuratProject"
"TCTCTAATCTTCTGGC",1677,4198,"SeuratProject"
"TCTGAGACAGGACGTA",2555,9093,"SeuratProject"
"TCTGAGAGTGGGTATG",1618,4077,"SeuratProject"
"TCTGAGAGTGTCAATC",1735,5269,"SeuratProject"
"TCTGAGATCTAACTCT",2406,7406,"SeuratProject"
"TCTGAGATCTGAAAGA",1193,3604,"SeuratProject"
"TCTGGAAGTCAGCTAT",1175,3407,"SeuratProject"
"TCTGGAATCCGCAGTG",2082,6361,"SeuratProject"
"TCTTCGGCATTGGGCC",1258,3909,"SeuratProject"
"TCTTCGGGTACGCTGC",1997,6471,"SeuratProject"
"TCTTCGGGTTACGACT",2162,6401,"SeuratProject"
"TCTTCGGTCCGGCACA",1455,3295,"SeuratProject"
"TCTTTCCCATTCCTGC",1635,3518,"SeuratProject"
"TGAAAGACATCGGAAG",1314,3566,"SeuratProject"
"TGACAACAGTATCGAA",1422,4105,"SeuratProject"
"TGACAACCACCACCAG",1144,3112,"SeuratProject"
"TGACAACGTGACTACT",1554,3928,"SeuratProject"
"TGACGGCAGTTAACGA",2301,9979,"SeuratProject"
"TGACTAGCAATGGTCT",2928,9162,"SeuratProject"
"TGACTAGCAGTATGCT",2315,10073,"SeuratProject"
"TGACTAGTCGCGTTTC",1653,4711,"SeuratProject"
"TGACTTTAGCGACGTA",3241,12866,"SeuratProject"
"TGACTTTCACTCAGGC",3999,17486,"SeuratProject"
"TGAGAGGTCCCACTTG",3852,17271,"SeuratProject"
"TGAGAGGTCGGTCCGA",1841,5959,"SeuratProject"
"TGAGCATCAGGGATTG",1688,4461,"SeuratProject"
"TGAGCATGTGCGAAAC",1454,4923,"SeuratProject"
"TGAGCATTCTCGCTTG",1636,5299,"SeuratProject"
"TGAGCCGAGGCAGTCA",1605,5766,"SeuratProject"
"TGAGCCGCAGGTGCCT",1515,5311,"SeuratProject"
"TGAGCCGGTTTGTTGG",1858,7299,"SeuratProject"
"TGAGCCGTCCAAGCCG",2575,8663,"SeuratProject"
"TGAGGGATCAGAGACG",994,2575,"SeuratProject"
"TGAGGGATCTAACTGG",1368,4076,"SeuratProject"
"TGATTTCAGAAACGCC",2247,6216,"SeuratProject"
"TGATTTCAGTCATCCA",1556,5552,"SeuratProject"
"TGATTTCCATCGGTTA",3959,22827,"SeuratProject"
"TGATTTCTCGAGGTAG",2233,7307,"SeuratProject"
"TGCACCTAGAGTAAGG",1367,3789,"SeuratProject"
"TGCACCTCATAACCTG",1723,4769,"SeuratProject"
"TGCACCTGTAGCACGA",1120,3120,"SeuratProject"
"TGCCAAACACCTTGTC",2134,7558,"SeuratProject"
"TGCCAAACATGCGCAC",1010,3595,"SeuratProject"
"TGCCAAAGTAAAGGAG",2654,10973,"SeuratProject"
"TGCCAAATCAGTTCGA",1518,4641,"SeuratProject"
"TGCCCATCATGTAAGA",3285,12845,"SeuratProject"
"TGCCCTAAGCCAGTAG",3105,13184,"SeuratProject"
"TGCCCTAAGGAACTGC",1321,3914,"SeuratProject"
"TGCCCTAGTGGTACAG",2637,8974,"SeuratProject"
"TGCGCAGGTGACGCCT",1327,3675,"SeuratProject"
"TGCGCAGTCAGAGCTT",828,2517,"SeuratProject"
"TGCGCAGTCTTGGGTA",1100,3120,"SeuratProject"
"TGCGGGTAGATGCGAC",1404,4752,"SeuratProject"
"TGCGGGTAGCGTAGTG",1208,2816,"SeuratProject"
"TGCGGGTTCATAACCG",755,2231,"SeuratProject"
"TGCGTGGAGACGCACA",1299,4002,"SeuratProject"
"TGCGTGGAGCAATCTC",3132,13473,"SeuratProject"
"TGCGTGGAGCACCGCT",3376,13597,"SeuratProject"
"TGCGTGGCACTTACGA",1812,5451,"SeuratProject"
"TGCTACCAGCCCGAAA",3544,13287,"SeuratProject"
"TGCTACCGTACAGCAG",1611,6349,"SeuratProject"
"TGCTACCGTTACTGAC",2370,7224,"SeuratProject"
"TGCTGCTTCGCATGGC",1309,3920,"SeuratProject"
"TGGACGCAGAAAGTGG",1410,3673,"SeuratProject"
"TGGACGCCAATCGAAA",1327,3472,"SeuratProject"
"TGGACGCCATATGGTC",3585,15993,"SeuratProject"
"TGGCCAGGTCGCGTGT",2819,10197,"SeuratProject"
"TGGCCAGTCTGATTCT",1597,4201,"SeuratProject"
"TGGCGCACACATGTGT",1294,2777,"SeuratProject"
"TGGCGCAGTAATCACC",4734,28475,"SeuratProject"
"TGGCGCAGTACCAGTT",1976,5201,"SeuratProject"
"TGGCTGGAGAGTGAGA",1168,3744,"SeuratProject"
"TGGCTGGTCAGTTAGC",3962,18926,"SeuratProject"
"TGGGAAGCACGCGAAA",2508,9010,"SeuratProject"
"TGGGAAGGTCACTTCC",2179,6509,"SeuratProject"
"TGGGCGTAGAATGTGT",1511,4544,"SeuratProject"
"TGGGCGTCAATCCGAT",1323,2308,"SeuratProject"
"TGGGCGTCACACTGCG",2243,7656,"SeuratProject"
"TGGGCGTGTCCAAGTT",1254,3445,"SeuratProject"
"TGGTTAGAGTTGCAGG",1447,4032,"SeuratProject"
"TGGTTAGCACCGTTGG",1865,5770,"SeuratProject"
"TGGTTAGTCTAAGCCA",1278,3506,"SeuratProject"
"TGGTTCCAGACTAGGC",1996,7182,"SeuratProject"
"TGTATTCGTTGTGGCC",1785,5571,"SeuratProject"
"TGTATTCTCAGGCGAA",3838,17541,"SeuratProject"
"TGTATTCTCTTCGAGA",1513,4800,"SeuratProject"
"TGTCCCAAGATATGCA",2291,7502,"SeuratProject"
"TGTCCCAAGCTACCTA",1231,3499,"SeuratProject"
"TGTCCCAAGTTTAGGA",3478,16460,"SeuratProject"
"TGTCCCACAATCCGAT",1423,4611,"SeuratProject"
"TGTGGTAAGCTCTCGG",1771,5535,"SeuratProject"
"TGTGGTACATGGTAGG",4566,23004,"SeuratProject"
"TGTGGTATCAATCACG",1974,8337,"SeuratProject"
"TGTGTTTAGCTATGCT",1766,5929,"SeuratProject"
"TGTGTTTAGGCATTGG",1206,3195,"SeuratProject"
"TGTGTTTCAAGTTGTC",1279,3065,"SeuratProject"
"TGTGTTTCACGGTGTC",1222,4324,"SeuratProject"
"TGTTCCGAGGCAAAGA",3410,14993,"SeuratProject"
"TGTTCCGCACATGGGA",1804,6096,"SeuratProject"
"TGTTCCGTCGTCTGAA",1779,5344,"SeuratProject"
"TTAACTCGTAGCTCCG",4537,26132,"SeuratProject"
"TTAGGACCAAACCTAC",2440,7785,"SeuratProject"
"TTAGGACCAAAGGCGT",1308,3850,"SeuratProject"
"TTAGGCAAGGGATGGG",1372,3084,"SeuratProject"
"TTAGGCACAGCCAATT",1790,4361,"SeuratProject"
"TTAGGCAGTACGACCC",1713,5720,"SeuratProject"
"TTAGGCAGTTACCGAT",1503,2954,"SeuratProject"
"TTAGTTCAGCACACAG",3946,18762,"SeuratProject"
"TTATGCTGTTCTGTTT",1085,2719,"SeuratProject"
"TTCCCAGCACTTAAGC",1559,3526,"SeuratProject"
"TTCCCAGGTCAGTGGA",1108,3206,"SeuratProject"
"TTCCCAGGTTCCACAA",3700,16256,"SeuratProject"
"TTCCCAGTCTTGTCAT",2040,6514,"SeuratProject"
"TTCGAAGAGCGATCCC",3065,12076,"SeuratProject"
"TTCGAAGCAATTCCTT",2655,11283,"SeuratProject"
"TTCGAAGTCAACACAC",3018,16082,"SeuratProject"
"TTCGGTCAGGAATTAC",3284,15125,"SeuratProject"
"TTCGGTCCAAGCGTAG",1509,3689,"SeuratProject"
"TTCGGTCCACATAACC",1587,5714,"SeuratProject"
"TTCGGTCCACCAACCG",1901,6406,"SeuratProject"
"TTCGGTCGTCAGAGGT",3844,19520,"SeuratProject"
"TTCTACACACCGGAAA",2118,7188,"SeuratProject"
"TTCTACAGTCCGTGAC",2694,9919,"SeuratProject"
"TTCTACATCCTAGAAC",1307,3165,"SeuratProject"
"TTCTCAAAGGTCGGAT",2173,6105,"SeuratProject"
"TTCTCAAGTTATCGGT",1221,3361,"SeuratProject"
"TTCTCCTAGATATACG",1212,3279,"SeuratProject"
"TTCTCCTGTTCAACCA",1468,5025,"SeuratProject"
"TTCTTAGAGCCCAGCT",2058,5859,"SeuratProject"
"TTCTTAGAGTCTCCTC",3382,14587,"SeuratProject"
"TTCTTAGGTTCGTCTC",1336,3351,"SeuratProject"
"TTCTTAGGTTGCGTTA",979,2679,"SeuratProject"
"TTCTTAGTCTTGACGA",1039,3492,"SeuratProject"
"TTGAACGAGCTAGTCT",1638,5631,"SeuratProject"
"TTGAACGAGGGAACGG",2095,6653,"SeuratProject"
"TTGAACGTCATTGCCC",1446,4927,"SeuratProject"
"TTGACTTAGTGCGATG",2080,6012,"SeuratProject"
"TTGACTTTCCCTCTTT",1890,4780,"SeuratProject"
"TTGCCGTAGCAGCCTC",1564,4736,"SeuratProject"
"TTGCCGTGTGAAATCA",1676,3924,"SeuratProject"
"TTGCCGTGTTATTCTC",1570,4159,"SeuratProject"
"TTGCCGTTCAGAGGTG",1836,6184,"SeuratProject"
"TTGCCGTTCGCCTGAG",743,2323,"SeuratProject"
"TTGCGTCAGCCAGTTT",4050,18413,"SeuratProject"
"TTGCGTCAGTCACGCC",1235,3566,"SeuratProject"
"TTGCGTCAGTTGAGTA",1212,3225,"SeuratProject"
"TTGCGTCGTTCGCGAC",2348,7954,"SeuratProject"
"TTGGAACAGAGTGACC",2823,12932,"SeuratProject"
"TTGGAACAGGAGTAGA",3689,17999,"SeuratProject"
"TTGGAACGTAGGGTAC",1460,5819,"SeuratProject"
"TTGGCAATCAGTTTGG",1802,6345,"SeuratProject"
"TTGTAGGCACGAAATA",3100,12125,"SeuratProject"
"TTGTAGGTCCGAACGC",3860,17722,"SeuratProject"
"TTTACTGAGGTCGGAT",1769,6616,"SeuratProject"
"TTTACTGTCACTTATC",2246,8274,"SeuratProject"
"TTTACTGTCCTATGTT",1464,4152,"SeuratProject"
"TTTACTGTCTGAAAGA",1050,2000,"SeuratProject"
"TTTACTGTCTTTAGGG",1302,3751,"SeuratProject"
"TTTATGCCATCCGGGT",1318,4396,"SeuratProject"
"TTTATGCTCAACGGCC",3896,18598,"SeuratProject"
"TTTCCTCAGCCAACAG",1453,3673,"SeuratProject"
"TTTCCTCAGCGTAGTG",1336,3705,"SeuratProject"
"TTTCCTCAGCTGAAAT",1518,4670,"SeuratProject"
"TTTCCTCTCTACGAGT",1565,4334,"SeuratProject"
"TTTGGTTGTCCGAGTC",3384,18657,"SeuratProject"
"TTTGGTTTCAAACCGT",1416,3397,"SeuratProject"
"TTTGTCAAGACTACAA",1510,5564,"SeuratProject"
"TTTGTCAAGGACATTA",1595,5155,"SeuratProject"
